name,category,img
"

                                    أرجان سائل كريستالى شفاف للشعر 100 مل                                
",,
,hair-styling?p=,
"

                                    أرجان سائل كريستالى شفاف للشعر 50 مل                                
",,
,hair-styling?p=,
"

                                    الفيف كريم منقذ الأطراف طول الأحلام 200 مل                                
",,
,hair-styling?p=,
"

                                    الترا دو حليب مرطب يترك على الشعر بحليب اللوز 200 مل                                
",,
,hair-styling?p=,
"

                                    كرايتون ارقان كريم ترطيب عميق 125 مل                                
",,
,hair-styling?p=,
"

                                    ناتورا سايبريكا بخاخ شعر مرطب 125مل                                
",,
,hair-styling?p=,
"

                                    كرايتون كيراتين برو 125مل                                
",,
,hair-styling?p=,
"

                                    كرايتون كريم ملطف للشعر بجوز الهند 250مل                                
",,
,hair-styling?p=,
"

                                    ستوديو لاين جل شعرر بست مات & مسي 150 مل                                
",,
,hair-styling?p=,
"

                                    بيولوجي سيروم للشعر الجاف 56 مل                                
",,
,hair-styling?p=,
"

                                    بيولوجي سيروم للشعر التالف 56 مل                                
",,
,hair-styling?p=,
"

                                    بيولوجي سيروم للشعر المجعد 56 مل                                
",,
,hair-styling?p=,
"

                                    او جي اكس سيروم بحليب جوز الهند 118 مل                                
",,
,hair-styling?p=,
"

                                    تشي رذاذ تصفيف الشعر 74 جم                                
",,
,hair-styling?p=,
"

                                    او جي اكس زيت الكوكوي مرطب للشعر ومنعم للتجاعيد 118 مل                                
",,
,hair-styling?p=,
"

                                    الفيف ماسك مغذي بالزيت 300 مل                                
",,
,hair-styling?p=,
"

                                    ترسمي زيت للشعر نعومة الكرياتين 50 مل                                
",,
,hair-styling?p=,
"

                                    أغادير ارغان بخاخ الشعر 150 مل                                
",,
,hair-styling?p=,
"

                                    أغادير ارغان كريم لتصفيف الشعر المموج 295.7 مل                                
",,
,hair-styling?p=,
"

                                    تشي زيت الأرغان و المورينغا 89 مل                                
",,
,hair-styling?p=,
"

                                    تشي سيروم للشعر بزيت شجرة الشاي 15 مل                                
",,
,hair-styling?p=,
"

                                    تشي سيروم بالكيراتين اللمسة الحريرية 177 مل                                
",,
,hair-styling?p=,
"

                                    تشي زيت شعر دون شطف بزيت حبة البركة يجدد وينعش ويقوي 89 مل                                
",,
,hair-styling?p=,
"

                                    تشي كريم لتجعيد الشعر بزيت حبة البركة يجدد وينعش ويقوي148مل                                
",,
,hair-styling?p=,
name,category,img
"

                                    أرجان سائل كريستالى شفاف للشعر 100 مل                                
",,
,hair-styling?p=,
"

                                    أرجان سائل كريستالى شفاف للشعر 50 مل                                
",,
,hair-styling?p=,
"

                                    الفيف كريم منقذ الأطراف طول الأحلام 200 مل                                
",,
,hair-styling?p=,
"

                                    الترا دو حليب مرطب يترك على الشعر بحليب اللوز 200 مل                                
",,
,hair-styling?p=,
"

                                    كرايتون ارقان كريم ترطيب عميق 125 مل                                
",,
,hair-styling?p=,
"

                                    ناتورا سايبريكا بخاخ شعر مرطب 125مل                                
",,
,hair-styling?p=,
"

                                    كرايتون كيراتين برو 125مل                                
",,
,hair-styling?p=,
"

                                    كرايتون كريم ملطف للشعر بجوز الهند 250مل                                
",,
,hair-styling?p=,
"

                                    ستوديو لاين جل شعرر بست مات & مسي 150 مل                                
",,
,hair-styling?p=,
"

                                    بيولوجي سيروم للشعر الجاف 56 مل                                
",,
,hair-styling?p=,
"

                                    بيولوجي سيروم للشعر التالف 56 مل                                
",,
,hair-styling?p=,
"

                                    بيولوجي سيروم للشعر المجعد 56 مل                                
",,
,hair-styling?p=,
"

                                    او جي اكس سيروم بحليب جوز الهند 118 مل                                
",,
,hair-styling?p=,
"

                                    تشي رذاذ تصفيف الشعر 74 جم                                
",,
,hair-styling?p=,
"

                                    او جي اكس زيت الكوكوي مرطب للشعر ومنعم للتجاعيد 118 مل                                
",,
,hair-styling?p=,
"

                                    الفيف ماسك مغذي بالزيت 300 مل                                
",,
,hair-styling?p=,
"

                                    ترسمي زيت للشعر نعومة الكرياتين 50 مل                                
",,
,hair-styling?p=,
"

                                    أغادير ارغان بخاخ الشعر 150 مل                                
",,
,hair-styling?p=,
"

                                    أغادير ارغان كريم لتصفيف الشعر المموج 295.7 مل                                
",,
,hair-styling?p=,
"

                                    تشي زيت الأرغان و المورينغا 89 مل                                
",,
,hair-styling?p=,
"

                                    تشي سيروم للشعر بزيت شجرة الشاي 15 مل                                
",,
,hair-styling?p=,
"

                                    تشي سيروم بالكيراتين اللمسة الحريرية 177 مل                                
",,
,hair-styling?p=,
"

                                    تشي زيت شعر دون شطف بزيت حبة البركة يجدد وينعش ويقوي 89 مل                                
",,
,hair-styling?p=,
"

                                    تشي كريم لتجعيد الشعر بزيت حبة البركة يجدد وينعش ويقوي148مل                                
",,
,hair-styling?p=,
name,category,img
"

                                    تافت التميتس واكس 75 مل                                
",,
,hair-styling?p=,
"

                                    كرايتون فريز نو مور كريم للتجفيف الجاف 100 مل                                
",,
,hair-styling?p=,
"

                                    تريسيمي سبراي نعومة الكرياتين حماية من الحرارة 200 مل                                
",,
,hair-styling?p=,
"

                                    تريفور سوربي زيت الارجان لتغذية الشعر ولمعانة 100 مل                                
",,
,hair-styling?p=,
"

                                    الفيف كريم تصفيف الشعر لحماية اللون 200 مل                                
",,
,hair-styling?p=,
"

                                    باراشوت جولد كريم جوز الهند والثوم لمنع تساقط الشعر 210 مل                                
",,
,hair-styling?p=,
"

                                    شمسي بخاخ شعر تثبيت قوي جدا  90 مل                                
",,
,hair-styling?p=,
"

                                    هير-فود كريم شعر لانولين بلاستيك 227 جم                                
",,
,hair-styling?p=,
"

                                    باراشوت كريم شعر جوز هند ضد القشرة 210 مل                                
",,
,hair-styling?p=,
"

                                    شمسي بخاخ شعر تثبيت قوي جدا 300/337 مل                                
",,
,hair-styling?p=,
"

                                    كازانوفا كريم شعر للشعر الجاف 220 مل                                
",,
,hair-styling?p=,
"

                                    بريلكريم كريم شعر مندي و مصفف للشعر احمر 140 مل                                
",,
,hair-styling?p=,
"

                                    شمسي بخاخ شعر تثبيت قوي 90 مل                                
",,
,hair-styling?p=,
"

                                    دابر-املا كريم شعر ترطيب مكثف 125/ 140 مل                                
",,
,hair-styling?p=,
"

                                    سوفت-اند-بيوتيفل كريم شعر جست فور مي أطفال شعر عادي                                
",,
,hair-styling?p=,
"

                                    شمسي بخاخ شعر تثبيت عادي 90 مل                                
",,
,hair-styling?p=,
"

                                    دابر-املا كريم شعر معالجة لتكثيف الشعر 140/ 125 مل                                
",,
,hair-styling?p=,
"

                                    كرايتون فريز نو مور بخاخ للشعر المموج 150 مل                                
",,
,hair-styling?p=,
"

                                    شمسي بخاخ شعر ثبيت قوي 300/337 مل                                
",,
,hair-styling?p=,
"

                                    بريلكريم كريم شعر مندي و مصفف للشعر احمر 210 مل                                
",,
,hair-styling?p=,
"

                                    كازانوفا كريم شعر ضد القشرة 150 مل                                
",,
,hair-styling?p=,
"

                                    بالمرز كريم سوفت فورميولا 100 جم                                
",,
,hair-styling?p=,
"

                                    هيمالايا كريم شعر بالبروتين تغذية إضافية 210 مل                                
",,
,hair-styling?p=,
"

                                    تريفور سوربي سبراي للمعان و ترطيب وتنعيم الشعر الجاف 200 مل                                
",,
,hair-styling?p=,
name,category,img
"

                                    هيمالايا كريم شعر بالبروتين نعومة و لمعان 210 مل                                
",,
,hair-styling?p=,
"

                                    دابر-املا كريم شعر معالجة مكثفه 140/ 125 مل                                
",,
,hair-styling?p=,
"

                                    دابر-أملا سيروم زيت الحية للشعر الجاف المجعد 50 مل                                
",,
,hair-styling?p=,
"

                                    دابر-املا كريم شعر معالجة الشعر المتساقط 140/ 125 مل                                
",,
,hair-styling?p=,
"

                                    بريلكريم كريم شعر مضاد للقشرة اخضر 210 مل                                
",,
,hair-styling?p=,
"

                                    بريلكريم كريم شعر مضاد للقشرة اخضر 140 مل                                
",,
,hair-styling?p=,
"

                                    إل صالون كريم تصفيف بالبروتين  العادى للجاف 250 مل                                
",,
,hair-styling?p=,
"

                                    فاتيكا كريم جل للشعر أقصى ثبات 250 مل                                
",,
,hair-styling?p=,
"

                                    الترا دو مزيج الزيوت المعالجه بزيت الارجان و الكاميليا 140 مل                                
",,
,hair-styling?p=,
"

                                    كازانوفا كريم شعر عادي 150 مل                                
",,
,hair-styling?p=,
"

                                    ستديو لاين رغوة من لوريال كيرل باور 200 مل                                
",,
,hair-styling?p=,
"

                                    لي ستافورد سيرم سبراى بزيت الارجان لتغذيه ونعومه الشعر 200 مل                                
",,
,hair-styling?p=,
"

                                    الفيف سيروم للشعر التالف معالجة كاملة 50 مل                                
",,
,hair-styling?p=,
"

                                    كريستال سيروم للشعر بزيت الأرجان 60 مل                                
",,
,hair-styling?p=,
"

                                    تافت باور واكس 75 مل                                
",,
,hair-styling?p=,
"

                                    تافت ألترا واكس 75 مل                                
",,
,hair-styling?p=,
"

                                    جي كي هير بخاخ مثبت قوي للشعر 326 مل                                
",,
,hair-styling?p=,
"

                                    سايوس هير سبراي ساتين 400 مل                                
",,
,hair-styling?p=,
"

                                    بالمرز تونك شعر هيرفود 200 مل 6650                                
",,
,hair-styling?p=,
"

                                    أغادير ارغان زيت للشعر 118 مل                                
",,
,hair-styling?p=,
"

                                    شارلز سبراي مثبت للتصفيف 8 ساعات للأماكن الخارجية 200 مل                                
",,
,hair-styling?p=,
"

                                    جدايل زيت مقوي الشعر 130 مل + شامبو مقوي ومانع تساقط الشعر                                
",,
,hair-styling?p=,
"

                                    جدايل زيت مانع التساقط 130 مل+شامبو مقوي ومانع تساقط الشعر                                
",,
,hair-styling?p=,
"

                                    الترا دو كريم التصفيف بزيت الارجان و الكاميليا 200 مل                                
",,
,hair-styling?p=,
